,E,weight
0,1.0250000000000001e-07,0.01575
1,1.0749999999999999e-07,0.015369999999999998
2,1.125e-07,0.015030000000000002
3,1.1750000000000001e-07,0.0147
4,1.238e-07,0.01432
5,1.313e-07,0.013909999999999999
6,1.3880000000000003e-07,0.01353
7,1.463e-07,0.01317
8,1.55e-07,0.0128
9,1.65e-07,0.01242
10,1.7500000000000002e-07,0.01206
11,1.8499999999999998e-07,0.01172
12,1.9499999999999999e-07,0.01142
13,2.0500000000000002e-07,0.01113
14,2.1499999999999998e-07,0.01087
15,2.25e-07,0.01063
16,2.3500000000000003e-07,0.01039
17,2.475e-07,0.01013
18,2.625e-07,0.009834
19,2.7499999999999996e-07,0.009609
20,2.9e-07,0.009356
21,3.1e-07,0.009048
22,3.3e-07,0.00877
23,3.5000000000000004e-07,0.008516
24,3.7000000000000006e-07,0.00829
25,3.8999999999999997e-07,0.008075
26,4.125e-07,0.007847
27,4.375e-07,0.007622
28,4.625e-07,0.007409999999999999
29,4.875e-07,0.007219
30,5.125e-07,0.007039
31,5.374999999999999e-07,0.006875
32,5.625e-07,0.006718000000000001
33,5.875e-07,0.006575
34,6.149999999999999e-07,0.006425
35,6.450000000000001e-07,0.006274
36,6.75e-07,0.0061340000000000006
37,7.049999999999999e-07,0.006002
38,7.400000000000001e-07,0.005864
39,7.799999999999999e-07,0.0057090000000000005
40,8.199999999999999e-07,0.005567
41,8.599999999999999e-07,0.005438
42,9e-07,0.005312
43,9.400000000000001e-07,0.0052
44,1.0000000000000002e-06,0.005091
45,1.0000000000000002e-06,0.004978
46,1.0749999999999999e-06,0.004861
47,1.125e-06,0.004751
48,1.175e-06,0.004649
49,1.2379999999999998e-06,0.004529999999999999
50,1.313e-06,0.004398
51,1.388e-06,0.004278
52,1.4630000000000002e-06,0.004171
53,1.55e-06,0.0040490000000000005
54,1.65e-06,0.003925
55,1.75e-06,0.00381
56,1.85e-06,0.003706
57,2.0000000000000003e-06,0.0036090000000000002
58,2.05e-06,0.00352
59,2.1499999999999997e-06,0.003437
60,2.25e-06,0.00336
61,2.35e-06,0.0032869999999999996
62,2.475e-06,0.003203
63,2.625e-06,0.0031100000000000004
64,2.7500000000000004e-06,0.003039
65,2.8999999999999998e-06,0.0029620000000000002
66,3.1e-06,0.0028640000000000002
67,3.3e-06,0.0027760000000000003
68,3.5e-06,0.002695
69,3.7e-06,0.002621
70,3.9e-06,0.002552
71,4.1249999999999995e-06,0.002482
72,4.3750000000000005e-06,0.002409
73,4.625e-06,0.002344
74,4.875e-06,0.002283
75,5.124999999999999e-06,0.002226
76,5.375e-06,0.0021739999999999997
77,5.6249999999999995e-06,0.002125
78,5.8750000000000005e-06,0.002082
79,6.1499999999999996e-06,0.002034
80,6.45e-06,0.0019850000000000002
81,6.75e-06,0.001941
82,7.049999999999999e-06,0.001898
83,7.4e-06,0.001853
84,7.8e-06,0.001805
85,8.2e-06,0.00176
86,8.599999999999999e-06,0.001718
87,9e-06,0.00168
88,9.4e-06,0.001644
89,9.8e-06,0.00161
90,1.0249999999999998e-05,0.001574
91,1.075e-05,0.001537
92,1.1249999999999999e-05,0.001503
93,1.1750000000000001e-05,0.001472
94,1.238e-05,0.001433
95,1.3130000000000003e-05,0.001392
96,1.3880000000000001e-05,0.001353
97,1.463e-05,0.001318
98,1.55e-05,0.00128
99,1.6499999999999998e-05,0.001241
100,1.7500000000000002e-05,0.001204
101,1.85e-05,0.001172
102,1.95e-05,0.001141
103,2.0499999999999997e-05,0.001113
104,2.15e-05,0.0010869999999999999
105,2.2499999999999998e-05,0.001062
106,2.3500000000000002e-05,0.0010400000000000001
107,2.475e-05,0.001013
108,2.625e-05,0.0009841000000000001
109,2.75e-05,0.0009619
110,2.8999999999999997e-05,0.0009359
111,3.1e-05,0.0009058
112,3.2999999999999996e-05,0.0008773
113,3.5000000000000004e-05,0.0008523
114,3.7e-05,0.0008285
115,3.9e-05,0.0008073
116,4.125e-05,0.0007847
117,4.375e-05,0.0007618999999999999
118,4.625e-05,0.000741
119,4.8750000000000006e-05,0.0007215
120,5.125e-05,0.0007036000000000001
121,5.375e-05,0.0006871000000000001
122,5.625e-05,0.0006716000000000001
123,5.875e-05,0.0006577999999999999
124,6.15e-05,0.0006428
125,6.45e-05,0.0006273
126,6.75e-05,0.0006136000000000001
127,7.05e-05,0.0006001
128,7.4e-05,0.0005861000000000001
129,7.8e-05,0.0005707
130,8.199999999999999e-05,0.0005567
131,8.6e-05,0.0005434
132,8.999999999999999e-05,0.0005313
133,9.400000000000001e-05,0.0005197
134,9.800000000000001e-05,0.000509
135,0.0001025,0.0004976
136,0.0001075,0.0004864
137,0.0001125,0.0004753
138,0.0001175,0.0004646
139,0.0001238,0.00045310000000000006
140,0.00013130000000000002,0.0004397
141,0.00013879999999999999,0.0004279
142,0.0001463,0.00041660000000000004
143,0.000155,0.0004049
144,0.000165,0.0003924
145,0.000175,0.000381
146,0.000185,0.0003705
147,0.00019500000000000002,0.0003607
148,0.000205,0.00035180000000000004
149,0.000215,0.0003437
150,0.000225,0.0003362
151,0.000235,0.0003286
152,0.0002475,0.0003204
153,0.0002625,0.0003111
154,0.000275,0.00030389999999999996
155,0.00029,0.0002962
156,0.00031,0.0002865
157,0.00033,0.00027749999999999997
158,0.00035,0.0002695
159,0.00037,0.000262
160,0.00039000000000000005,0.0002551
161,0.0004125,0.0002483
162,0.0004375,0.000241
163,0.0004625,0.0002343
164,0.0004875,0.00022840000000000002
165,0.0005124999999999999,0.0002226
166,0.0005375,0.0002176
167,0.0005625000000000001,0.00021280000000000002
168,0.0005875,0.0002082
169,0.0006150000000000001,0.00020340000000000004
170,0.000645,0.0001985
171,0.000675,0.00019409999999999997
172,0.000705,0.0001898
173,0.00074,0.00018519999999999998
174,0.0007800000000000001,0.0001805
175,0.00082,0.00017619999999999997
176,0.00086,0.00017180000000000003
177,0.0009000000000000001,0.00016790000000000002
178,0.00094,0.00016450000000000001
179,0.00098,0.000161
180,0.0010249999999999999,0.0001575
181,0.001075,0.00015419999999999998
182,0.0011250000000000001,0.0001508
183,0.001175,0.0001474
184,0.001238,0.00014340000000000002
185,0.0013130000000000001,0.0001393
186,0.0013880000000000001,0.0001356
187,0.001463,0.0001318
188,0.00155,0.0001281
189,0.00165,0.0001242
190,0.00175,0.0001204
191,0.00185,0.00011719999999999999
192,0.00195,0.0001141
193,0.0020499999999999997,0.00011140000000000001
194,0.00215,0.000109
195,0.0022500000000000003,0.00010659999999999999
196,0.00235,0.0001042
197,0.002475,0.0001013
198,0.0026249999999999997,9.853e-05
199,0.00275,9.627e-05
200,0.0029,9.36e-05
201,0.0031,9.056e-05
202,0.0033,8.776e-05
203,0.0035000000000000005,8.513e-05
204,0.0037000000000000006,8.287e-05
205,0.0039,8.065e-05
206,0.004125,7.859999999999999e-05
207,0.0043749999999999995,7.644e-05
208,0.004625,7.428e-05
209,0.004875,7.217e-05
210,0.005125,7.045e-05
211,0.0053750000000000004,6.885e-05
212,0.005625000000000001,6.725e-05
213,0.005875,6.569e-05
214,0.00615,6.427e-05
215,0.00645,6.278e-05
216,0.00675,6.129e-05
217,0.00705,5.998e-05
218,0.007400000000000001,5.858e-05
219,0.0078,5.701e-05
220,0.008199999999999999,5.572e-05
221,0.008599999999999998,5.45e-05
222,0.009000000000000001,5.327e-05
223,0.0094,5.205e-05
224,0.009800000000000001,5.087e-05
225,0.01025,4.981e-05
226,0.010750000000000001,4.868e-05
227,0.011250000000000001,4.754e-05
228,0.01175,4.644e-05
229,0.01238,4.531e-05
230,0.01313,4.399e-05
231,0.01388,4.274e-05
232,0.01463,4.167e-05
233,0.0155,4.045e-05
234,0.0165,3.929e-05
235,0.017499999999999998,3.821e-05
236,0.0185,3.712e-05
237,0.0195,3.607e-05
238,0.0205,3.522e-05
239,0.021500000000000002,3.442e-05
240,0.022500000000000003,3.361e-05
241,0.0235,3.284e-05
242,0.024749999999999998,3.204e-05
243,0.026250000000000002,3.11e-05
244,0.0275,3.035e-05
245,0.028999999999999998,2.959e-05
246,0.031,2.8600000000000004e-05
247,0.033,2.778e-05
248,0.034999999999999996,2.702e-05
249,0.037,2.625e-05
250,0.039,2.55e-05
251,0.04125,2.483e-05
252,0.04375,2.412e-05
253,0.04625,2.342e-05
254,0.04875,2.282e-05
255,0.05125,2.227e-05
256,0.05375,2.172e-05
257,0.05625,2.123e-05
258,0.05875,2.079e-05
259,0.061500000000000006,2.0300000000000002e-05
260,0.0645,1.985e-05
261,0.0675,1.944e-05
262,0.0705,1.904e-05
263,0.074,1.856e-05
264,0.078,1.803e-05
265,0.082,1.761e-05
266,0.08600000000000001,1.721e-05
267,0.09000000000000001,1.681e-05
268,0.094,1.642e-05
269,0.098,1.6100000000000002e-05
270,0.1025,1.575e-05
271,0.1075,1.536e-05
272,0.1125,1.502e-05
273,0.11750000000000001,1.47e-05
274,0.12380000000000001,1.432e-05
275,0.13130000000000003,1.393e-05
276,0.1388,1.357e-05
277,0.1463,1.321e-05
278,0.155,1.714e-05
279,0.165,6.792e-05
280,0.175,0.0001315
281,0.185,0.00019380000000000002
282,0.195,0.000225
283,0.205,0.00024330000000000003
284,0.215,0.0002614
285,0.225,0.00027539999999999997
286,0.23500000000000001,0.0002867
287,0.2475,0.0003007
288,0.2625,0.0003177
289,0.275,0.0003318
290,0.29,0.0003486
291,0.31,0.00037119999999999997
292,0.33,0.0003937
293,0.35,0.00041630000000000004
294,0.37,0.0004388
295,0.39,0.00046130000000000005
296,0.4125,0.0004865
297,0.4375,0.0005146
298,0.4625,0.0005426
299,0.4875,0.0005706
300,0.5125000000000001,0.0005985000000000001
301,0.5375,0.0006263999999999999
302,0.5625,0.0006542999999999999
303,0.5875,0.0006822
304,0.615,0.0007127999999999999
305,0.645,0.0007462
306,0.675,0.0007795
307,0.705,0.0008128
308,0.74,0.0008515
309,0.78,0.0008957
310,0.82,0.0009398999999999999
311,0.86,0.000984
312,0.9,0.0010279999999999998
313,0.9400000000000001,0.001072
314,0.98,0.001116
315,1.0250000000000001,0.001165
316,1.075,0.00122
317,1.125,0.001274
318,1.175,0.0013289999999999999
319,1.2380000000000002,0.001397
320,1.3130000000000002,0.001478
321,1.3880000000000001,0.001559
322,1.463,0.00164
323,1.55,0.001734
324,1.65,0.001842
325,1.75,0.0019489999999999998
326,1.85,0.0020559999999999997
327,1.95,0.0021620000000000003
328,2.0500000000000003,0.002269
329,2.15,0.002382
330,2.25,0.004405
331,2.35,0.002589
332,2.475,0.0027170000000000002
333,2.625,0.002874
334,2.75,0.0030039999999999997
335,2.9,0.003159
336,3.1,0.0033659999999999996
337,3.3,0.003573
338,3.5,0.003778
339,3.7,0.003982
340,3.9,0.004186
341,4.125,0.004413
342,4.375,0.004666
343,4.625,0.004917
344,4.875,0.005492
345,5.125,0.005419
346,5.375,0.0056619999999999995
347,5.625,0.005907
348,5.875,0.006151
349,6.15,0.006418000000000001
350,6.45,0.00671
351,6.75,0.006998999999999999
352,7.05,0.007285
353,7.4,0.007618000000000001
354,7.8,0.007998
355,8.200000000000001,0.008372
356,8.6,0.008745000000000001
357,9.000000000000002,0.009115
358,9.4,0.009477
359,9.799999999999999,0.009838
360,10.25,0.01024
361,10.75,0.01069
362,11.25,0.01115
363,11.75,0.011590000000000001
364,12.38,0.01213
365,13.13,0.01277
366,13.880000000000003,0.0134
367,14.63,0.01403
368,15.5,0.015569999999999999
369,16.5,0.01554
370,17.5,0.01634
371,18.5,0.0171
372,19.5,0.01782
373,20.5,0.01854
374,21.5,0.01926
375,22.5,0.01998
376,23.5,0.02069
377,24.75,0.0215
378,26.25,0.02245
379,27.5,0.02317
380,28.999999999999996,0.024
381,31.0,0.02509
382,33.0,0.02599
383,35.0,0.02675
384,37.00000000000001,0.02743
385,39.0,0.03247
386,41.25,0.02792
387,43.75,0.027389999999999998
388,46.25,0.02598
389,48.75,0.02288
390,51.25,0.01626
391,53.75,0.01485
392,56.25,0.5078
393,58.75,0.1145
394,61.5,0.07793
395,64.5,0.06706000000000001
396,67.5,0.06455
397,70.5,0.059879999999999996
398,74.00000000000001,0.05797000000000001
399,78.0,0.05636
400,81.99999999999999,0.054939999999999996
401,86.0,0.053739999999999996
402,90.0,0.051879999999999996
403,94.0,0.04992
404,98.0,0.0479
405,102.5,0.04526
406,107.5,0.04162
407,112.5,0.03764
408,117.5,0.03297
409,123.8,0.02645
410,131.3,0.01826
411,138.8,0.01121
412,146.3,0.0109
413,155.0,0.04848
414,165.0,0.2173
415,175.0,0.6987
416,185.0,1.196
417,195.0,1.162
418,205.0,0.971
419,215.0,0.8288
420,225.0,0.7334
421,235.0,0.6709
422,247.5,0.6172
423,262.5,0.5768
424,275.0,0.5547
425,290.0,0.5393
426,310.0,0.5237
427,330.0,0.5198
428,350.0,0.5097
429,370.0,0.5036
430,390.0,0.532
431,412.5,0.5403
432,437.5,0.5451
433,462.5,0.5581
434,487.5,0.574
435,512.5,0.5987
436,537.5,0.7554
437,562.5,1.28
438,587.5,0.5997
439,615.0,0.5425
440,645.0,0.5536
441,675.0,0.5786
442,705.0,0.6019
443,740.0,0.6724
444,780.0,0.9209
445,820.0,1.459
446,860.0,0.8318
447,900.0,0.9434
448,940.0,1.172
449,980.0,1.1740000000000002
450,1050.0,0.802
451,1150.0,0.6578
452,1250.0,0.968
453,1350.0,0.941
454,1450.0,1.079
455,1550.0,1.128
456,1650.0,1.766
457,1750.0,0.8366
458,1850.0,1.411
459,1950.0,1.393
460,2050.0,1.022
461,2150.0,1.159
462,2250.0,1.126
463,2350.0,1.1059999999999999
464,2450.0,1.2670000000000001
465,2550.0,1.3840000000000001
466,2650.0,1.238
467,2750.0,1.153
468,2850.0,1.4369999999999998
469,2950.0,1.061
470,3050.0,1.278
471,3150.0,1.4269999999999998
472,3250.0,1.281
473,3350.0,1.217
474,3450.0,1.2590000000000001
475,3550.0,1.213
476,3650.0,0.7506
477,3750.0,1.235
478,3850.0,1.187
479,3950.0,1.452
480,4050.0,1.431
481,4150.0,1.147
482,4250.0,1.7819999999999998
483,4350.0,1.442
484,4450.0,1.5090000000000001
485,4550.0,1.4980000000000002
486,4650.0,1.673
487,4750.0,2.003
488,4850.0,1.7169999999999999
489,4950.0,1.579
490,5050.0,1.6119999999999999
491,5150.0,1.831
492,5250.0,1.605
493,5350.0,1.3359999999999999
494,5450.0,1.2770000000000001
495,5550.0,1.567
496,5650.0,1.6159999999999999
497,5750.0,1.929
498,5850.0,1.794
499,5950.0,1.4680000000000002
500,6050.0,1.666
501,6150.0,1.364
502,6250.0,1.9
503,6350.0,1.641
504,6450.0,1.514
505,6550.0,1.314
506,6650.0,1.611
507,6750.0,1.778
508,6850.0,1.577
509,6950.0,1.521
510,7050.0,1.77
511,7150.0,1.47
512,7250.0,1.8030000000000002
513,7350.0,1.818
514,7450.0,1.7930000000000001
515,7550.0,1.757
516,7650.0,1.794
517,7750.0,1.8659999999999999
518,7850.0,1.861
519,7950.0,1.992
520,8050.000000000001,1.806
521,8150.0,1.663
522,8250.0,1.743
523,8350.0,1.768
524,8450.0,1.7819999999999998
525,8550.0,1.771
526,8650.0,1.7690000000000001
527,8750.0,1.589
528,8850.0,1.685
529,8950.0,1.871
530,9050.0,1.876
531,9150.0,1.686
532,9250.0,1.619
533,9350.0,1.751
534,9450.0,1.824
535,9550.0,1.767
536,9650.0,1.669
537,9750.0,1.7069999999999999
538,9850.0,1.754
539,9950.0,1.78
540,10050.0,1.76
541,10150.0,1.7819999999999998
542,10250.0,1.764
543,10350.0,1.7719999999999998
544,10450.0,1.709
545,10550.0,1.696
546,10650.0,1.6740000000000002
547,10750.0,1.726
548,10850.0,1.765
549,10950.0,1.765
550,11050.0,1.736
551,11150.0,1.68
552,11250.0,1.692
553,11350.0,1.735
554,11450.0,1.765
555,11550.0,1.778
556,11650.0,1.767
557,11750.0,1.751
558,11850.0,1.754
559,11950.0,1.767
560,12050.0,1.784
561,12150.0,1.8119999999999998
562,12250.0,1.8159999999999998
563,12350.0,1.8219999999999998
564,12450.0,1.791
565,12550.0,1.757
566,12650.0,1.837
567,12750.0,1.8559999999999999
568,12850.0,1.85
569,12950.0,1.8530000000000002
570,13050.0,1.8619999999999999
571,13150.0,1.828
572,13250.0,1.7930000000000001
573,13350.0,1.806
574,13450.0,1.839
575,13550.0,1.8019999999999998
576,13650.0,1.78
577,13750.0,1.804
578,13850.0,1.87
579,13950.0,1.808
580,14050.0,1.787
581,14150.0,1.817
582,14250.0,1.83
583,14350.0,1.8430000000000002
584,14450.0,1.845
585,14550.0,1.791
586,14650.0,1.765
587,14750.0,1.774
588,14850.0,1.808
589,14950.0,1.8130000000000002
590,15050.0,1.7730000000000001
591,15150.0,1.801
592,15250.0,1.8419999999999999
593,15350.0,1.841
594,15450.0,1.828
595,15550.0,1.808
596,15650.0,1.806
597,15750.0,1.817
598,15850.0,1.858
599,15950.0,1.891
600,16050.0,1.899
601,16149.999999999998,1.899
602,16250.0,1.893
603,16350.000000000002,1.88
604,16450.0,1.869
605,16550.0,1.9180000000000001
606,16650.0,1.97
607,16750.0,1.952
608,16850.0,1.929
609,16950.0,1.935
610,17050.0,1.94
611,17150.0,1.9369999999999998
612,17250.0,1.9340000000000002
613,17350.0,1.935
614,17450.0,1.932
615,17550.0,1.9169999999999998
616,17650.0,1.906
617,17750.0,1.9140000000000001
618,17850.0,1.926
619,17950.0,1.9509999999999998
620,18050.0,1.974
621,18150.0,1.965
622,18250.0,1.95
623,18350.0,1.9380000000000002
624,18450.0,1.926
625,18550.0,1.945
626,18650.0,1.986
627,18750.0,2.008
628,18850.0,1.999
629,18950.0,1.989
630,19050.0,1.974
631,19150.0,1.96
632,19250.0,1.955
633,19350.0,1.953
634,19450.0,1.953
635,19550.0,1.955
636,19650.0,1.9580000000000002
637,19750.0,1.963
638,19850.0,1.969
639,19950.0,1.975
640,20000.0,2.0709999999999997
641,25000.0,2.049
642,30000.0,2.041
643,40000.0,2.012
644,50000.0,1.805
645,60000.0,1.6440000000000001
646,70000.0,1.499
647,80000.0,1.3780000000000001
648,90000.0,1.264
649,100000.0,1.168
650,130000.0,0.9740000000000001
651,160000.0,0.865
652,200000.0,0.7909999999999999
653,250000.0,0.733
654,300000.0,0.696
655,350000.0,0.693
656,400000.0,0.685
657,450000.0,0.685
658,500000.0,0.6809999999999999
659,600000.0,0.679
660,700000.0,0.677
661,800000.0,0.672
662,805000.0,0.6004
663,815000.0,0.598
664,825000.0,0.5959
665,835000.0,0.5942
666,845000.0,0.5932
667,855000.0,0.5922
668,865000.0,0.5912
669,875000.0,0.5902
670,885000.0,0.5892
671,895000.0,0.5883
672,905000.0,0.5873
673,915000.0,0.5863
674,925000.0,0.5854
675,935000.0,0.5845
676,945000.0,0.5836
677,955000.0,0.5828
678,965000.0,0.5819
679,975000.0,0.581
680,985000.0,0.5801
681,995000.0,0.5793
682,1005000.0,0.5784
683,1015000.0,0.5773
684,1025000.0,0.5763
685,1035000.0,0.5752
686,1045000.0,0.5741
687,1055000.0,0.5734
688,1065000.0,0.5728
689,1075000.0,0.5722
690,1085000.0,0.5716
691,1095000.0,0.5711
692,1105000.0,0.5708
693,1115000.0,0.5704
694,1125000.0,0.5701
695,1135000.0,0.5698
696,1145000.0,0.5694
697,1155000.0,0.5691
698,1165000.0,0.5688
699,1175000.0,0.5684
700,1185000.0,0.5681
701,1195000.0,0.5678
702,1205000.0,0.5674
703,1215000.0,0.5671
704,1225000.0,0.5668
705,1235000.0,0.5664
706,1245000.0,0.5661
707,1255000.0,0.5658
708,1265000.0,0.5655
709,1275000.0,0.565
710,1285000.0,0.5643
711,1295000.0,0.5636
712,1305000.0,0.5628
713,1315000.0,0.5621
714,1325000.0,0.5614
715,1335000.0,0.5607
716,1345000.0,0.56
717,1355000.0,0.5593
718,1365000.0,0.5587
719,1375000.0,0.5581
720,1385000.0,0.5575
721,1395000.0,0.5569
722,1405000.0,0.5563
723,1415000.0,0.5557
724,1425000.0,0.5551
725,1435000.0,0.5545
726,1445000.0,0.5539
727,1455000.0,0.5533
728,1465000.0,0.5527
729,1485000.0,0.5515
730,1495000.0,0.551
731,1505000.0,0.5504
732,1515000.0,0.5498
733,1535000.0,0.5486
734,1545000.0,0.5479999999999999
735,1555000.0,0.5474
736,1565000.0,0.5468
737,1585000.0,0.5457
738,1595000.0,0.5451
739,1605000.0,0.5445
740,1615000.0,0.5439
741,1635000.0,0.5427
742,1645000.0,0.5421
743,1655000.0,0.5416
744,1665000.0,0.541
745,1695000.0,0.5392
746,1705000.0,0.5387
747,1715000.0,0.5381
748,1735000.0,0.5369
749,1755000.0,0.5358
750,1765000.0,0.5354
751,1785000.0,0.5345
752,1795000.0,0.5341
753,1815000.0,0.5332
754,1835000.0,0.5323
755,1845000.0,0.5319
756,1855000.0,0.5315
757,1885000.0,0.5302
758,1895000.0,0.5297
759,1905000.0,0.5293
760,1915000.0,0.5289
761,1945000.0,0.5276
762,1955000.0,0.5272
763,1965000.0,0.5267
764,1985000.0,0.5259
765,2005000.0,0.525
766,2015000.0,0.5246
767,2035000.0,0.5237
768,2045000.0,0.5233
769,2065000.0,0.5225
770,2085000.0,0.5216
771,2095000.0,0.5212
772,2105000.0,0.5208
773,2135000.0,0.5195
774,2145000.0,0.5191
775,2155000.0,0.5187
776,2165000.0,0.5182
777,2195000.0,0.517
778,2205000.0,0.5166
779,2215000.0,0.5161
780,2235000.0,0.5153
781,2255000.0,0.5145
782,2265000.0,0.514
783,2285000.0,0.5137
784,2295000.0,0.5136
785,2315000.0,0.5134
786,2335000.0,0.5132
787,2345000.0,0.5131
788,2355000.0,0.513
789,2385000.0,0.5126
790,2395000.0,0.5125
791,2405000.0,0.5124
792,2415000.0,0.5123
793,2435000.0,0.5121
794,2445000.0,0.512
795,2455000.0,0.5119
796,2465000.0,0.5118
797,2485000.0,0.5115
798,2495000.0,0.5114
799,2505000.0,0.5113
800,2515000.0,0.5112
801,2535000.0,0.511
802,2545000.0,0.5109
803,2555000.0,0.5108
804,2565000.0,0.5107
805,2585000.0,0.5105
806,2595000.0,0.5104
807,2605000.0,0.5102
808,2615000.0,0.5101
809,2635000.0,0.5099
810,2645000.0,0.5098
811,2655000.0,0.5097
812,2665000.0,0.5096
813,2685000.0,0.5094
814,2695000.0,0.5093
815,2705000.0,0.5092
816,2715000.0,0.5091
817,2735000.0,0.5088
818,2745000.0,0.5087
819,2755000.0,0.5086
820,2765000.0,0.5085
821,2785000.0,0.5083
822,2795000.0,0.5082
823,2805000.0,0.5081
824,2815000.0,0.508
825,2835000.0,0.5078
826,2845000.0,0.5077
827,2855000.0,0.5076
828,2865000.0,0.5074
829,2885000.0,0.5072
830,2895000.0,0.5071
831,2905000.0,0.507
832,2915000.0,0.5069
833,2935000.0,0.5067
834,2945000.0,0.5066
835,2955000.0,0.5065
836,2965000.0,0.5064
837,2985000.0,0.5062
838,2995000.0,0.506
839,3005000.0,0.5059
840,3015000.0,0.5058
841,3035000.0,0.5056
842,3045000.0,0.5055
843,3055000.0,0.5054
844,3065000.0,0.5053
845,3085000.0,0.5051
846,3095000.0,0.505
847,3105000.0,0.5049
848,3115000.0,0.5048
849,3135000.0,0.5046
850,3145000.0,0.5044
851,3155000.0,0.5043
852,3165000.0,0.5042
853,3185000.0,0.504
854,3195000.0,0.5039
855,3205000.0,0.5038
856,3215000.0,0.5037
857,3235000.0,0.5035
858,3245000.0,0.5034
859,3255000.0,0.5033
860,3265000.0,0.5032
861,3285000.0,0.503
862,3295000.0,0.5028
863,3305000.0,0.5027
864,3315000.0,0.5026
865,3335000.0,0.5024
866,3345000.0,0.5023
867,3355000.0,0.5022
868,3365000.0,0.5021
869,3385000.0,0.5019
870,3395000.0,0.5018
871,3405000.0,0.5017
872,3415000.0,0.5016
873,3435000.0,0.5014
874,3445000.0,0.5013
875,3455000.0,0.5011
876,3465000.0,0.501
877,3485000.0,0.5008
878,3495000.0,0.5007
879,3505000.0,0.5006
880,3515000.0,0.5005
881,3535000.0,0.5003
882,3545000.0,0.5002
883,3555000.0,0.5001
884,3565000.0,0.5
885,3585000.0,0.4998
886,3595000.0,0.4997
887,3605000.0,0.4996
888,3615000.0,0.4995
889,3635000.0,0.4992
890,3645000.0,0.4991
891,3655000.0,0.499
892,3665000.0,0.4989
893,3685000.0,0.4987
894,3695000.0,0.4986
895,3705000.0,0.4985
896,3715000.0,0.4984
897,3735000.0,0.4982
898,3745000.0,0.4981
899,3755000.0,0.498
900,3765000.0,0.4979
901,3785000.0,0.4977
902,3795000.0,0.4976
903,3805000.0,0.4975
904,3815000.0,0.4974
905,3835000.0,0.4971
906,3845000.0,0.49700000000000005
907,3855000.0,0.4969
908,3865000.0,0.4968
909,3885000.0,0.4966
910,3895000.0,0.4965
911,3905000.0,0.4964
912,3915000.0,0.4963
913,3935000.0,0.4961
914,3945000.0,0.496
915,3955000.0,0.4959
916,3965000.0,0.4958
917,3985000.0,0.4956
918,3995000.0,0.4955
919,4005000.0,0.4954
920,4015000.0,0.4953
921,4025000.0,0.4952
922,4035000.0,0.495
923,4045000.0,0.4949
924,4055000.0,0.4948
925,4065000.0,0.4947
926,4075000.0,0.4946
927,4085000.0,0.4945
928,4095000.0,0.4944
929,4105000.0,0.4943
930,4115000.0,0.4942
931,4125000.0,0.4941
932,4135000.0,0.494
933,4145000.0,0.4939
934,4155000.0,0.4938
935,4165000.0,0.4937
936,4175000.0,0.4936
937,4185000.0,0.4935
938,4195000.0,0.4934
939,4205000.0,0.4933
940,4215000.0,0.4932
941,4225000.0,0.4931
942,4235000.0,0.493
943,4245000.0,0.4929
944,4255000.0,0.4928
945,4265000.0,0.4927
946,4275000.0,0.4925
947,4285000.0,0.4924
948,4295000.0,0.4923
949,4305000.0,0.4922
950,4315000.0,0.4921
951,4325000.0,0.49200000000000005
952,4335000.0,0.4919
953,4345000.0,0.4918
954,4355000.0,0.4917
955,4365000.0,0.4916
956,4375000.0,0.4915
957,4385000.0,0.4914
958,4395000.0,0.4913
959,4405000.0,0.4912
960,4415000.0,0.4911
961,4425000.0,0.491
962,4435000.0,0.4909
963,4445000.0,0.4908
964,4455000.0,0.4907
965,4465000.0,0.4906
966,4475000.0,0.4905
967,4485000.0,0.4904
968,4495000.0,0.4903
969,4505000.0,0.4902
970,4515000.0,0.4901
971,4525000.0,0.49
972,4535000.0,0.4899
973,4545000.0,0.4898
974,4555000.0,0.4897
975,4565000.0,0.4895
976,4575000.0,0.4894
977,4585000.0,0.4893
978,4595000.0,0.4892
979,4605000.0,0.4891
980,4615000.0,0.489
981,4625000.0,0.4889
982,4635000.0,0.4888
983,4645000.0,0.4887
984,4655000.0,0.4886
985,4665000.0,0.4885
986,4675000.0,0.4884
987,4685000.0,0.4883
988,4695000.0,0.4882
989,4705000.0,0.4881
990,4715000.0,0.488
991,4725000.0,0.4879
992,4735000.0,0.4878
993,4745000.0,0.4877
994,4755000.0,0.4876
995,4765000.0,0.4875
996,4775000.0,0.4874
997,4785000.0,0.4873
998,4795000.0,0.4872
999,4805000.0,0.4871
1000,4815000.0,0.48700000000000004
1001,4825000.0,0.4869
1002,4835000.0,0.4868
1003,4845000.0,0.4867
1004,4855000.0,0.4866
1005,4865000.0,0.4865
1006,4875000.0,0.4864
1007,4885000.0,0.4863
1008,4895000.0,0.4862
1009,4905000.0,0.4861
1010,4915000.0,0.486
1011,4925000.0,0.4859
1012,4935000.0,0.4858
1013,4945000.0,0.4857
1014,4955000.0,0.4856
1015,4965000.0,0.4854
1016,4975000.0,0.4853
1017,4985000.0,0.4852
1018,4995000.0,0.4851
1019,5005000.0,0.485
1020,5015000.0,0.4849
1021,5025000.0,0.4848
1022,5035000.0,0.4847
1023,5045000.0,0.4846
1024,5055000.0,0.4845
1025,5065000.0,0.4844
1026,5075000.0,0.4843
1027,5085000.0,0.4842
1028,5095000.0,0.4841
1029,5105000.0,0.484
1030,5115000.0,0.4839
1031,5125000.0,0.4838
1032,5135000.0,0.4837
1033,5145000.0,0.4836
1034,5155000.0,0.4835
1035,5165000.0,0.4834
1036,5175000.0,0.4833
1037,5185000.0,0.4832
1038,5195000.0,0.4831
1039,5205000.0,0.483
1040,5215000.0,0.4829
1041,5225000.0,0.4828
1042,5235000.0,0.4827
1043,5245000.0,0.4826
1044,5255000.0,0.4825
1045,5265000.0,0.4824
1046,5275000.0,0.4823
1047,5285000.0,0.4822
1048,5295000.0,0.4821
1049,5305000.0,0.48200000000000004
1050,5315000.0,0.4819
1051,5325000.0,0.4818
1052,5335000.0,0.4817
1053,5345000.0,0.4816
1054,5355000.0,0.4815
1055,5365000.0,0.4814
1056,5375000.0,0.4813
1057,5385000.0,0.4812
1058,5395000.0,0.4811
1059,5405000.0,0.48100000000000004
1060,5415000.0,0.4809
1061,5425000.0,0.4808
1062,5435000.0,0.4807
1063,5445000.0,0.4806
1064,5455000.0,0.4805
1065,5465000.0,0.4804
1066,5475000.0,0.4803
1067,5485000.0,0.4802
1068,5495000.0,0.4801
1069,5505000.0,0.48
1070,5515000.0,0.4799
1071,5525000.0,0.4798
1072,5535000.0,0.4797
1073,5545000.0,0.4796
1074,5555000.0,0.4795
1075,5565000.0,0.4794
1076,5575000.0,0.4793
1077,5585000.0,0.4792
1078,5595000.0,0.4791
1079,5605000.0,0.479
1080,5615000.0,0.4789
1081,5625000.0,0.4788
1082,5635000.0,0.4787
1083,5645000.0,0.4786
1084,5655000.0,0.4785
1085,5665000.0,0.4784
1086,5675000.0,0.4783
1087,5685000.0,0.4782
1088,5695000.0,0.4781
1089,5705000.0,0.478
1090,5715000.0,0.4779
1091,5725000.0,0.4778
1092,5735000.0,0.4777
1093,5745000.0,0.4776
1094,5755000.0,0.4775
1095,5765000.0,0.4774
1096,5775000.0,0.4773
1097,5785000.0,0.4772
1098,5795000.0,0.4771
1099,5805000.0,0.47700000000000004
1100,5815000.0,0.4769
1101,5825000.0,0.4768
1102,5835000.0,0.4767
1103,5845000.0,0.4766
1104,5855000.0,0.4765
1105,5865000.0,0.4764
1106,5875000.0,0.4763
1107,5885000.0,0.4762
1108,5895000.0,0.4761
1109,5905000.0,0.47600000000000003
1110,5915000.0,0.4759
1111,5925000.0,0.4758
1112,5935000.0,0.4757
1113,5945000.0,0.4756
1114,5955000.0,0.4755
1115,5965000.0,0.4754
1116,5975000.0,0.4753
1117,5985000.0,0.4752
1118,5995000.0,0.4751
1119,6005000.0,0.475
1120,6015000.0,0.4749
1121,6025000.0,0.4748
1122,6035000.0,0.4747
1123,6045000.0,0.4746
1124,6055000.0,0.4745
1125,6065000.0,0.4744
1126,6075000.0,0.4743
1127,6085000.0,0.4742
1128,6095000.0,0.4741
1129,6105000.0,0.474
1130,6115000.0,0.4739
1131,6125000.0,0.4738
1132,6135000.0,0.4737
1133,6145000.0,0.4736
1134,6155000.0,0.4735
1135,6165000.0,0.4734
1136,6175000.0,0.4733
1137,6185000.0,0.4732
1138,6195000.0,0.4731
1139,6205000.0,0.473
1140,6215000.0,0.4729
1141,6225000.0,0.4728
1142,6235000.0,0.4727
1143,6245000.0,0.4726
1144,6255000.0,0.4725
1145,6265000.0,0.4724
1146,6275000.0,0.4723
1147,6285000.0,0.4722
1148,6295000.0,0.4721
1149,6305000.0,0.47200000000000003
1150,6315000.0,0.4719
1151,6325000.0,0.4718
1152,6335000.0,0.4717
1153,6345000.0,0.4716
1154,6355000.0,0.4715
1155,6365000.0,0.4714
1156,6375000.0,0.4713
1157,6385000.0,0.4712
1158,6395000.0,0.4711
1159,6405000.0,0.47100000000000003
1160,6415000.0,0.4709
1161,6425000.0,0.4708
1162,6435000.0,0.4707
1163,6445000.0,0.4706
1164,6455000.0,0.4705
1165,6465000.0,0.4704
1166,6475000.0,0.4703
1167,6485000.0,0.4702
1168,6495000.0,0.4701
1169,6505000.0,0.47
1170,6515000.0,0.4699
1171,6525000.0,0.4698
1172,6535000.0,0.4697
1173,6545000.0,0.4696
1174,6555000.0,0.4695
1175,6565000.0,0.4695
1176,6575000.0,0.4694
1177,6585000.0,0.4693
1178,6595000.0,0.4692
1179,6605000.0,0.4691
1180,6615000.0,0.469
1181,6625000.0,0.4689
1182,6635000.0,0.4688
1183,6645000.0,0.4687
1184,6655000.0,0.4686
1185,6665000.0,0.4685
1186,6675000.0,0.4684
1187,6685000.0,0.4683
1188,6695000.0,0.4682
1189,6705000.0,0.4681
1190,6715000.0,0.46799999999999997
1191,6725000.0,0.4679
1192,6735000.0,0.4678
1193,6745000.0,0.4677
1194,6755000.0,0.4676
1195,6765000.0,0.4675
1196,6775000.0,0.4674
1197,6785000.0,0.4673
1198,6795000.0,0.4672
1199,6805000.0,0.4671
1200,6815000.0,0.467
1201,6825000.0,0.4669
1202,6835000.0,0.4668
1203,6845000.0,0.4667
1204,6855000.0,0.4666
1205,6865000.0,0.4665
1206,6875000.0,0.4664
1207,6885000.0,0.4663
1208,6895000.0,0.4662
1209,6905000.0,0.4661
1210,6915000.0,0.466
1211,6925000.0,0.4659
1212,6935000.0,0.4658
1213,6945000.0,0.4657
1214,6955000.0,0.4656
1215,6965000.0,0.4656
1216,6975000.0,0.4655
1217,6985000.0,0.4654
1218,6995000.0,0.4653
1219,7005000.0,0.4652
1220,7015000.0,0.4651
1221,7025000.0,0.465
1222,7035000.0,0.4649
1223,7045000.0,0.4648
1224,7055000.0,0.4647
1225,7065000.0,0.4646
1226,7075000.0,0.4645
1227,7085000.0,0.4644
1228,7095000.0,0.4643
1229,7105000.0,0.4642
1230,7115000.0,0.4641
1231,7125000.0,0.46399999999999997
1232,7135000.0,0.4639
1233,7145000.0,0.4638
1234,7155000.0,0.4637
1235,7165000.0,0.4636
1236,7185000.0,0.4634
1237,7195000.0,0.4633
1238,7205000.0,0.4632
1239,7225000.0,0.46299999999999997
1240,7235000.0,0.4629
1241,7245000.0,0.4628
1242,7255000.0,0.4627
1243,7275000.0,0.4626
1244,7285000.0,0.4625
1245,7295000.0,0.4624
1246,7315000.0,0.4622
1247,7325000.0,0.4621
1248,7335000.0,0.462
1249,7345000.0,0.4619
1250,7365000.0,0.4617
1251,7375000.0,0.4616
1252,7385000.0,0.4615
1253,7395000.0,0.4614
1254,7415000.0,0.4612
1255,7425000.0,0.4611
1256,7435000.0,0.461
1257,7445000.0,0.4609
1258,7465000.0,0.4607
1259,7475000.0,0.4606
1260,7485000.0,0.4605
1261,7495000.0,0.4604
1262,7515000.0,0.4603
1263,7525000.0,0.4602
1264,7535000.0,0.4601
1265,7545000.0,0.46
1266,7565000.0,0.4598
1267,7575000.0,0.4597
1268,7585000.0,0.4596
1269,7595000.0,0.4595
1270,7615000.0,0.4593
1271,7625000.0,0.4592
1272,7635000.0,0.4591
1273,7645000.0,0.45899999999999996
1274,7665000.0,0.4588
1275,7675000.0,0.4587
1276,7685000.0,0.4586
1277,7695000.0,0.4585
1278,7715000.0,0.4583
1279,7725000.0,0.4582
1280,7735000.0,0.4582
1281,7745000.0,0.4581
1282,7765000.0,0.4579
1283,7775000.0,0.4578
1284,7785000.0,0.4577
1285,7795000.0,0.4576
1286,7815000.0,0.4574
1287,7825000.0,0.4573
1288,7835000.0,0.4572
1289,7845000.0,0.4571
1290,7865000.0,0.4569
1291,7875000.0,0.4568
1292,7885000.0,0.4567
1293,7895000.0,0.4566
1294,7915000.0,0.4564
1295,7925000.0,0.4564
1296,7935000.0,0.4563
1297,7945000.0,0.4562
1298,7965000.0,0.456
1299,7975000.0,0.4559
1300,7985000.0,0.4558
1301,7995000.0,0.4557
1302,8015000.0,0.4555
1303,8025000.0,0.4554
1304,8035000.0,0.4553
1305,8045000.0,0.4552
1306,8065000.0,0.455
1307,8075000.0,0.4549
1308,8085000.0,0.4548
1309,8095000.0,0.4547
1310,8115000.0,0.4546
1311,8125000.0,0.4545
1312,8135000.0,0.4544
1313,8145000.0,0.4543
1314,8165000.0,0.4541
1315,8175000.0,0.45399999999999996
1316,8185000.0,0.4539
1317,8195000.0,0.4538
1318,8215000.0,0.4536
1319,8225000.0,0.4535
1320,8235000.0,0.4534
1321,8245000.0,0.4533
1322,8265000.0,0.4531
1323,8275000.0,0.4531
1324,8285000.0,0.45299999999999996
1325,8295000.0,0.4529
1326,8315000.0,0.4527
1327,8325000.0,0.4526
1328,8335000.0,0.4525
1329,8345000.0,0.4524
1330,8365000.0,0.4522
1331,8375000.0,0.4521
1332,8385000.0,0.452
1333,8395000.0,0.4519
1334,8415000.0,0.4517
1335,8425000.0,0.4516
1336,8435000.0,0.4516
1337,8445000.0,0.4515
1338,8465000.0,0.4513
1339,8475000.0,0.4512
1340,8485000.0,0.4511
1341,8495000.0,0.451
1342,8515000.0,0.4508
1343,8525000.0,0.4507
1344,8535000.0,0.4506
1345,8545000.0,0.4505
1346,8565000.0,0.4503
1347,8575000.0,0.4502
1348,8585000.0,0.4502
1349,8595000.0,0.4501
1350,8615000.0,0.4499
1351,8625000.0,0.4498
1352,8635000.0,0.4497
1353,8645000.0,0.4496
1354,8665000.0,0.4494
1355,8675000.0,0.4493
1356,8685000.0,0.4492
1357,8695000.0,0.4491
1358,8715000.0,0.4489
1359,8725000.0,0.4489
1360,8735000.0,0.4488
1361,8745000.0,0.4487
1362,8765000.0,0.4485
1363,8775000.0,0.4484
1364,8785000.0,0.4483
1365,8795000.0,0.4482
1366,8815000.0,0.44799999999999995
1367,8825000.0,0.4479
1368,8835000.0,0.4478
1369,8845000.0,0.4477
1370,8865000.0,0.4476
1371,8875000.0,0.4475
1372,8885000.0,0.4474
1373,8895000.0,0.4473
1374,8915000.0,0.4471
1375,8925000.0,0.447
1376,8935000.0,0.4469
1377,8945000.0,0.4468
1378,8965000.0,0.4466
1379,8975000.0,0.4465
1380,8995000.0,0.4464
